iter	RMSE
0	134.5591746
1	134.4674634
2	134.3609288
3	134.2634788
4	134.178117
5	134.0707558
6	133.9625652
7	133.8610161
8	133.7560313
9	133.6559163
